Workbook

Sheet Dashboard
B2: JobHunter OS — Pipeline Dashboard
B3: Live counts pulled from the Pipeline sheet — add rows there and this updates.
B5: Total Pipeline | C5: Applied | D5: Interviewing | E5: Offers
B7: =COUNTA(Pipeline!A2:A500) -> 10 | C7: =COUNTIF(Pipeline!E2:E500,"Applied") -> 2 | D7: =COUNTIF(Pipeline!E2:E500,"Interviewing") -> 1 | E7: =COUNTIF(Pipeline!E2:E500,"Offer") -> 1
B12: Fit Score Bands | E12: Pipeline by Status
B13: Band | C13: Count | E13: Status | F13: Count
B14: HOT (>=80) | C14: =COUNTIFS(Pipeline!C2:C500,">=80") -> 5 | E14: Scouted | F14: =COUNTIF(Pipeline!E2:E500,"Scouted") -> 4
B15: Strong (70-79) | C15: =COUNTIFS(Pipeline!C2:C500,">=70",Pipeline!C2:C500,"<80") -> 1 | E15: CV Ready | F15: =COUNTIF(Pipeline!E2:E500,"CV Ready") -> 1
B16: Consider (60-69) | C16: =COUNTIFS(Pipeline!C2:C500,">=60",Pipeline!C2:C500,"<70") -> 2 | E16: Applied | F16: =COUNTIF(Pipeline!E2:E500,"Applied") -> 2
B17: Low (<60) | C17: =COUNTIFS(Pipeline!C2:C500,"<60",Pipeline!C2:C500,"<>") -> 1 | E17: Interviewing | F17: =COUNTIF(Pipeline!E2:E500,"Interviewing") -> 1
E18: Offer | F18: =COUNTIF(Pipeline!E2:E500,"Offer") -> 1
E19: Rejected | F19: =COUNTIF(Pipeline!E2:E500,"Rejected") -> 1

Sheet Pipeline
A1: Company | B1: Role | C1: Fit Score | D1: Band | E1: Status | F1: Applied Date | G1: Job URL
A2: Northwind Retail | B2: Operations Manager | C2: 88 | D2: =IF(C2="","",IF(C2>=80,"HOT",IF(C2>=70,"Strong",IF(C2>=60,"Consider","Low")))) -> HOT | E2: Scouted | G2: https://example.com/1
A3: Vertex Logistics | B3: Supply Chain Lead | C3: 74 | D3: =IF(C3="","",IF(C3>=80,"HOT",IF(C3>=70,"Strong",IF(C3>=60,"Consider","Low")))) -> Strong | E3: Scouted | G3: https://example.com/2
A4: Bright Harbor | B4: Category Manager | C4: 61 | D4: =IF(C4="","",IF(C4>=80,"HOT",IF(C4>=70,"Strong",IF(C4>=60,"Consider","Low")))) -> Consider | E4: Scouted | G4: https://example.com/3
A5: Acme Freight | B5: Operations Manager | C5: 91 | D5: =IF(C5="","",IF(C5>=80,"HOT",IF(C5>=70,"Strong",IF(C5>=60,"Consider","Low")))) -> HOT | E5: CV Ready | G5: https://example.com/4
A6: Globex Corp | B6: Business Ops Lead | C6: 83 | D6: =IF(C6="","",IF(C6>=80,"HOT",IF(C6>=70,"Strong",IF(C6>=60,"Consider","Low")))) -> HOT | E6: Applied | F6: 2026-07-01 | G6: https://example.com/5
A7: Initech | B7: Procurement Manager | C7: 69 | D7: =IF(C7="","",IF(C7>=80,"HOT",IF(C7>=70,"Strong",IF(C7>=60,"Consider","Low")))) -> Consider | E7: Applied | F7: 2026-06-28 | G7: https://example.com/6
A8: Umbrella Retail | B8: Ops Director | C8: 85 | D8: =IF(C8="","",IF(C8>=80,"HOT",IF(C8>=70,"Strong",IF(C8>=60,"Consider","Low")))) -> HOT | E8: Interviewing | F8: 2026-06-18 | G8: https://example.com/7
A9: Stellar Group | B9: Category Manager | C9: 90 | D9: =IF(C9="","",IF(C9>=80,"HOT",IF(C9>=70,"Strong",IF(C9>=60,"Consider","Low")))) -> HOT | E9: Offer | F9: 2026-05-30 | G9: https://example.com/8
A10: Wayne Logistics | B10: Operations Manager | C10: 55 | D10: =IF(C10="","",IF(C10>=80,"HOT",IF(C10>=70,"Strong",IF(C10>=60,"Consider","Low")))) -> Low | E10: Rejected | F10: 2026-05-10 | G10: https://example.com/9
A11: Sample Co | B11: Ops Coordinator | D11: =IF(C11="","",IF(C11>=80,"HOT",IF(C11>=70,"Strong",IF(C11>=60,"Consider","Low")))) | E11: Scouted
